id,email
1,+30 210 52 20 926	varelas@otenet.gr
2,Info@nouh.com.eg
3,Lenka.fussiova@seznam.cz
4,Oliveran18@mindgate.net
5,Sales@ilexmedical.com
6,a.novara@pantec.it
7,aanso@izasa.es
8,abouaziz@eurekahealth.fr
9,ajh@biotech-igg.com
10,alhayat@emirates.net.ae
11,all8@alleights.com.my
12,antisel@antisel.com
13,antisel@antisel.gr
14,attaporn@cybeles.de
15,betina@amdiagnostics.ro
16,burcu.erkurt@atq.com.tr
17,carlapinto@quilaban.pt
18,cdcinfo@cdc.gov
19,chelme@iafrica.com
20,chen@biomarketing.com.my
21,chile@grifols.com
22,christine.heylen@gen-probe.com
23,cindif@gen-probe.com
24,cityphrm@emirates.net.ae
25,cliente@speculum.pt
26,cnlee@tycnl.com
27,contacto@andromaco.cl
28,contacto@dicipa.com.mx
29,contato@thebiogroup.com.br
30,customerservice@bouty.it
31,customerservice@gen-probe.com
32,customerservice@gen-probe.eu
33,custsvc@prodesse.com
34,czech@ybux.eu
35,diaclone@gen-probe.com
36,diamedica@diamedica.lv
37,dlw@dlongwood.com
38,dlw@longwood.com
39,elke.zechner@genxpress.at
40,elta90@dir.bg
41,elucigene@gen-probe.com
42,enco@netvision.net.il
43,envirolife@wanadoo.jo
44,erkurt@atcmed.com
45,fri-info@fujirebio.co.jp
46,gabrijel.popovic@probo.si
47,gary.cavanagh@questbiomedical.com
48,geertb@gen-probe.com
49,general@amscl.com
50,glm@arrowdiagnostics.it
51,gtiitaliasrl@tin.it
52,hila@gamidor.co.il
53,hisham@sultan.com.kw
54,iepsamed@mweb.co.za
55,immuno.diagnostic@immuno.htk.fi
56,info.denmark@reaction-lab.com
57,info@Inno-Train.de
58,info@aljeel.com
59,info@anl.se
60,info@biodynamics.gr
61,info@bionova.es
62,info@bioproducts.at
63,info@biosite.fi
64,info@biosite.se
65,info@biotechlab-s.com
66,info@biotechmedical.com.my
67,info@cwholdings.co.kr
68,info@diagnostictechnology.com.au
69,info@diagsolns.com.au
70,info@dm4you.com
71,info@exelixisdiagnostics.gr
72,info@hoelzel.de
73,info@hoorapharma.com
74,info@ilexbiotech.com
75,info@immuniq.pl
76,info@immunodiagnostic.com
77,info@innomt.com
78,info@innovativebiotech.com.sg
79,info@interlux.lv
80,info@jybst.com
81,info@labortechnik.com
82,info@lucronbioproducts.com
83,info@milenia-biotec.de
84,info@modernlab.com
85,info@nordicbiosite.dk
86,info@padginteb.com
87,info@pro-gensa.com
88,info@sultan.com.kw
89,info@trinova.de
90,info@weldonbiotech.com
91,inmunochem@terra.com.pe
92,irene.k.y@beijingrose.com
93,irwin@cellsciences.com
94,ivana.tomicic@jasika.hr
95,jeff.roberts@invmed.com
96,jhchae@nekoind.co.kr
97,jochenl@gen-probe.com
98,jtochigi@cosmobio.co.jp
99,kristenk@gen-probe.com
100,labdepot-gg@speedy.com.pe
101,labo@inalco.it
102,lefty_silvera@bioselec.com.mx
103,lewis.gill@gen-probe.com
104,lifecodes@gen-probe.com
105,lucasp@gen-probe.com
106,m.gaigalas@linealibera.lt
107,m.slomkowski@biocorp.pl
108,mail@biotest.ch
109,mail@ilex.co.za
110,mail@montebello.no
111,manual.sacha@abcysonline.com
112,mauriziob@gen-probe.com
113,mercadeo.ventas@inmunolab.com
114,mesuttamugur@med-kim.com.tr
115,mflannery@medical-supply.ie
116,michaelmo@gen-probe.com
117,mohd.adam@abdulla-fouad.com
118,mol-gen@mol-gen.com
119,nikhil@zoetic.co.in
120,nucleon@gen-probe.com
121,office@dynex.cz
122,pascal.margry@argene.com
123,paul.rainey@gen-probe.com
124,pharmaservices@gen-probe.com
125,pkalfirtova@baria.cz
126,r.frank@inno-train.de
127,ramazanturan@turanltd.com
128,reagent@funakoshi.co.jp
129,reagents@sanquin.nl
130,rmendez@labgeminis.com
131,rodneyp@gen-probe.com
132,sales@2bscientific.com
133,sales@biotronhealthcare.com
134,sales@innovativebiotech.com.sg
135,sales@tinhangtech.com
136,salesmanager@biosciencessas.com
137,scientech@waldonet.net.mt
138,servitec@tecnodiagnostica.com
139,sherryh@gen-probe.com
140,sophie.grillere@gen-probe.eu
141,spirit@interlux.lt
142,suresh@cpcdiagnostics.in
143,sya@net.sy
144,syslab@syslab-sp.com.br
145,tarom@tarom.co.il
146,technicalsupport@gen-probe.eu
147,techsupport@prodesse.com
148,teomed@teomed.ch
149,tlss@ms9.hinet.net
150,toddm@gen-probe.com
151,tommyb@gen-probe.com
152,trinitymedicalegypt@gmail.com
153,uniparts@uniparts.com.mx
154,unitech@inco.com.lb
155,varelas@otenet.gr
156,victoria.bull@bindingsite.co.uk
157,whitesci@whitesci.co.za
158,woongbee@chollian.net
159,yon@terra.com.pe
160,zhaoyuan@genetimes.com.cn
